{"cameraMode":{"drawMode":0,"name":"Shaded","section":"Shading Mode"},"sceneLighting":true,"audioPlay":false,"sceneViewState":{"showFog":true,"showMaterialUpdate":false,"showSkybox":true,"showFlares":true,"showImageEffects":true,"showParticleSystems":true},"in2DMode":false,"pivot":{"x":-0.9475685358047485,"y":6.724566459655762,"z":7.12109375},"rotation":{"x":0.10417451709508896,"y":-0.02535843849182129,"z":0.0026570470072329046,"w":0.994232177734375},"size":22.599721908569337,"orthographic":false}